{
  "asset": {
    "version": "1.0"
  },
  "extensionsUsed": ["3DTILES_content_gltf"],
  "extensionsRequired": ["3DTILES_content_gltf"],
  "geometricError": 240,
  "root": {
    "boundingVolume": {
      "region": [
        -1.3197209591796106,
        0.6988424218,
        -1.3196390408203893,
        0.6989055782,
        0,
        88
      ]
    },
    "geometricError": 70,
    "refine": "ADD",
    "content": {
      "uri": "parent.glb",
      "boundingVolume": {
        "region": [
          -1.3197004795898053,
          0.6988582109,
          -1.3196595204101946,
          0.6988897891,
          0,
          88
        ]
      }
    },
    "children": [
      {
        "boundingVolume": {
          "region": [
            -1.3197209591796106,
            0.6988424218,
            -1.31968,
            0.698874,
            0,
            20
          ]
        },
        "geometricError": 0,
        "content": {
          "uri": "ll.glb"
        }
      },
      {
        "boundingVolume": {
          "region": [
            -1.31968,
            0.6988424218,
            -1.3196390408203893,
            0.698874,
            0,
            20
          ]
        },
        "geometricError": 0,
        "content": {
          "uri": "lr.glb"
        }
      },
      {
        "boundingVolume": {
          "region": [
            -1.31968,
            0.698874,
            -1.3196390408203893,
            0.6989055782,
            0,
            20
          ]
        },
        "geometricError": 0,
        "content": {
          "uri": "ur.glb"
        }
      },
      {
        "boundingVolume": {
          "region": [
            -1.3197209591796106,
            0.698874,
            -1.31968,
            0.6989055782,
            0,
            20
          ]
        },
        "geometricError": 0,
        "content": {
          "uri": "ul.glb"
        }
      }
    ]
  }
}
