{
  "asset": {
    "version": "1.0"
  },
  "properties": {
    "id": {
      "minimum": 0,
      "maximum": 9
    },
    "Longitude": {
      "minimum": -1.3196959060375169,
      "maximum": -1.3196607462778132
    },
    "Latitude": {
      "minimum": 0.6988590050687061,
      "maximum": 0.6988864387845588
    },
    "Height": {
      "minimum": 6.1022464875131845,
      "maximum": 13.410263679921627
    }
  },
  "geometricError": 70,
  "root": {
    "refine": "ADD",
    "boundingVolume": {
      "sphere": [
        1215011.9317263428,
        -4736309.3434217675,
        4081612.0044800863,
        141.4214
      ]
    },
    "geometricError": 0,
    "content": {
      "uri": "batchedWithBoundingSphere.b3dm"
    }
  }
}
