{
  "asset": {
    "version": "1.0"
  },
  "properties": {
    "Height": {
      "minimum": 20,
      "maximum": 20
    }
  },
  "geometricError": 70,
  "root": {
    "transform": [
      0.9686356343768792,
      0.24848542777253735,
      0,
      0,
      -0.1598646084383285,
      0.6231776156741929,
      0.7655670880409422,
      0,
      0.19023226536042928,
      -0.7415555619825982,
      0.6433560707015301,
      0,
      1215013.8340490046,
      -4736316.75897742,
      4081608.4380407534,
      1
    ],
    "refine": "ADD",
    "boundingVolume": {
      "box": [
        0,
        0,
        0,
        100,
        0,
        0,
        0,
        100,
        0,
        0,
        0,
        15
      ]
    },
    "geometricError": 0,
    "content": {
      "uri": "instancedWithTransform.i3dm"
    }
  }
}
