{
    "buffers": [
        {
            "uri": "../metadata.bin",
            "byteLength": 1008
        }
    ],
    "bufferViews": [
        {
            "buffer": 0,
            "byteOffset": 0,
            "byteLength": 168
        },
        {
            "buffer": 0,
            "byteOffset": 168,
            "byteLength": 168
        },
        {
            "buffer": 0,
            "byteOffset": 336,
            "byteLength": 672
        }
    ],
    "tileAvailability": {
        "constant": 1
    },
    "contentAvailability": [ 
        {
            "constant": 1
        } 
    ],
    "childSubtreeAvailability": {
        "constant": 0
    },
    "propertyTables": [
        {
            "class": "tile",
            "count": 21,
            "properties": {
                "minimumHeight": {
                    "values": 0
                },
                "maximumHeight": {
                    "values": 1
                },
                "boundingSphere": {
                    "values": 2
                }
            }
        }
    ],
    "tileMetadata": 0
}