{
  "asset": {
    "version": "1.0"
  },
  "extensionsUsed": [
    "3DTILES_implicit_tiling",
    "3DTILES_multiple_contents"
  ],
  "extensionsRequired": [
    "3DTILES_implicit_tiling"
  ],
  "extras": {
    "name": "Sample Implicit Tileset"
  },
  "geometricError": 240,
  "root": {
    "boundingVolume": {
      "region": [
        -1.3197309591796106,
        0.6988324218,
        -1.3196290408203893,
        0.6989155782,
        0,
        88
      ]
    },
    "extensions": {
      "3DTILES_implicit_tiling": {
        "subdivisionScheme": "QUADTREE",
        "subtreeLevels": 2,
        "availableLevels": 2,
        "subtrees": {
          "uri": "subtrees/1.0/{level}.{x}.{y}.json"
        }
      },
      "3DTILES_multiple_contents": {
        "contents": [
          {
            "uri": "ground/{level}/{x}/{y}.b3dm"
          },
          {
            "uri": "sky/{level}/{x}/{y}.b3dm"
          }
        ]
      }
    },
    "geometricError": 70,
    "refine": "ADD"
  }
}
