{
  "asset": {
    "version": "1.1"
  },
  "extras": {
    "name": "Sample Implicit Tileset"
  },
  "geometricError": 240,
  "root": {
    "boundingVolume": {
      "region": [
        -1.3197309591796106,
        0.6988324218,
        -1.3196290408203893,
        0.6989155782,
        0,
        88
      ]
    },
    "implicitTiling": {
      "subdivisionScheme": "QUADTREE",
      "subtreeLevels": 2,
      "availableLevels": 2,
      "subtrees": {
        "uri": "subtrees/1.1/{level}.{x}.{y}.json"
      }
    },
    "contents": [
      {
        "uri": "ground/{level}/{x}/{y}.b3dm"
      },
      {
        "uri": "sky/{level}/{x}/{y}.b3dm"
      }
    ],
    "geometricError": 70,
    "refine": "ADD"
  }
}
