{
  "currentVersion": 10.6,
  "serviceDescription": "<p>Terrain 3D provides global elevation for your work in 3D. You can use this layer to visualize your maps and layers in 3D. Ground heights are based on multiple sources. Heights are orthometric (sea level = 0), and water bodies that are above sea level have approximated nominal water heights. This layer includes data from multiple sources ranging from 1000m - 3m, including USGS NED (1/9,1/3,1,2 arc second) covering North America, SRTM (3 arc second) covering 60 degrees north and 56 degrees south and USGS GMTED (7.5, 15 and 30 arc second) covering global land and other GIS community contributors. For more information on this service, including the terms of use, visit us <a href='http://goto.arcgisonline.com/elevation3d/WorldTerrain3D/Terrain3D'>online<\/a>.<\/p>",
  "name": "WorldElevation3D/Terrain3D",
  "description": "<p>Terrain 3D provides global elevation for your work in 3D. You can use this layer to visualize your maps and layers in 3D. Ground heights are based on multiple sources. Heights are orthometric (sea level = 0), and water bodies that are above sea level have approximated nominal water heights. This layer includes data from multiple sources ranging from 1000m - 3m, including USGS NED (1/9,1/3,1,2 arc second) covering North America, SRTM (3 arc second) covering 60 degrees north and 56 degrees south and USGS GMTED (7.5, 15 and 30 arc second) covering global land and other GIS community contributors. For more information on this service, including the terms of use, visit us <a href='http://goto.arcgisonline.com/elevation3d/WorldTerrain3D/Terrain3D'>online<\/a>.<\/p>",
  "extent": {
    "xmin": -2.0037507842788246E7,
    "ymin": -2.0037508659999996E7,
    "xmax": 2.0037507842788246E7,
    "ymax": 2.0037508340000004E7,
    "spatialReference": {
      "wkid": 102100,
      "latestWkid": 3857
    }
  },
  "initialExtent": {
    "xmin": -2.0037507842788246E7,
    "ymin": -2.0037508659999996E7,
    "xmax": 2.0037507842788246E7,
    "ymax": 2.0037508340000004E7,
    "spatialReference": {
      "wkid": 102100,
      "latestWkid": 3857
    }
  },
  "fullExtent": {
    "xmin": -2.0037507842788246E7,
    "ymin": -2.0037508659999996E7,
    "xmax": 2.0037507842788246E7,
    "ymax": 2.0037508340000004E7,
    "spatialReference": {
      "wkid": 102100,
      "latestWkid": 3857
    }
  },
  "pixelSizeX": 2.9999999016027736,
  "pixelSizeY": 3,
  "bandCount": 1,
  "pixelType": "F32",
  "minPixelSize": 0,
  "maxPixelSize": 0,
  "copyrightText": "Source: USGS, NGA, NASA, CGIAR, GEBCO,N Robinson,NCEAS,NLS,OS,NMA,Geodatastyrelsen and the GIS User Community",
  "serviceDataType": "esriImageServiceDataTypeElevation",
  "minValues": [
    -450
  ],
  "maxValues": [
    8700
  ],
  "meanValues": [
    400
  ],
  "stdvValues": [
    870
  ],
  "objectIdField": "OBJECTID",
  "fields": [
    {
      "name": "OBJECTID",
      "type": "esriFieldTypeOID",
      "alias": "OBJECTID",
      "domain": null
    },
    {
      "name": "Shape",
      "type": "esriFieldTypeGeometry",
      "alias": "Shape",
      "domain": null
    },
    {
      "name": "Name",
      "type": "esriFieldTypeString",
      "alias": "Name",
      "domain": null,
      "length": 50
    },
    {
      "name": "Category",
      "type": "esriFieldTypeInteger",
      "alias": "Category",
      "domain": {
        "type": "codedValue",
        "name": "MosaicCatalogItemCategoryDomain",
        "description": "Catalog item categories.",
        "codedValues": [
          {
            "name": "Unknown",
            "code": 0
          },
          {
            "name": "Primary",
            "code": 1
          },
          {
            "name": "Overview",
            "code": 2
          },
          {
            "name": "Unprocessed Overview",
            "code": 3
          },
          {
            "name": "Partial Overview",
            "code": 4
          },
          {
            "name": "Uploaded",
            "code": 253
          },
          {
            "name": "Incomplete",
            "code": 254
          },
          {
            "name": "Custom",
            "code": 255
          }
        ],
        "mergePolicy": "esriMPTDefaultValue",
        "splitPolicy": "esriSPTDefaultValue"
      }
    }
  ],
  "capabilities": "Image,Tilemap,Mensuration",
  "defaultMosaicMethod": "None",
  "allowedMosaicMethods": "None",
  "mosaicOperator": "First",
  "maxDownloadSizeLimit": 2048,
  "defaultCompressionQuality": 75,
  "defaultResamplingMethod": "Bilinear",
  "maxImageHeight": 4000,
  "maxImageWidth": 4000,
  "maxRecordCount": 2000,
  "maxDownloadImageCount": 0,
  "maxMosaicImageCount": 50,
  "singleFusedMapCache": true,
  "tileInfo": {
    "rows": 256,
    "cols": 256,
    "dpi": 96,
    "format": "LERC",
    "compressionQuality": 0,
    "lercError": 0.1,
    "origin": {
      "x": -2.0037508342787E7,
      "y": 2.0037508342787E7
    },
    "spatialReference": {
      "wkid": 102100,
      "latestWkid": 3857
    },
    "lods": [
      {
        "level": 0,
        "resolution": 156543.03392800014,
        "scale": 5.91657527591555E8
      },
      {
        "level": 1,
        "resolution": 78271.51696399994,
        "scale": 2.95828763795777E8
      },
      {
        "level": 2,
        "resolution": 39135.75848200009,
        "scale": 1.47914381897889E8
      },
      {
        "level": 3,
        "resolution": 19567.87924099992,
        "scale": 7.3957190948944E7
      },
      {
        "level": 4,
        "resolution": 9783.93962049996,
        "scale": 3.6978595474472E7
      },
      {
        "level": 5,
        "resolution": 4891.96981024998,
        "scale": 1.8489297737236E7
      },
      {
        "level": 6,
        "resolution": 2445.98490512499,
        "scale": 9244648.868618
      },
      {
        "level": 7,
        "resolution": 1222.992452562495,
        "scale": 4622324.434309
      },
      {
        "level": 8,
        "resolution": 611.4962262813797,
        "scale": 2311162.217155
      },
      {
        "level": 9,
        "resolution": 305.74811314055756,
        "scale": 1155581.108577
      },
      {
        "level": 10,
        "resolution": 152.87405657041106,
        "scale": 577790.554289
      },
      {
        "level": 11,
        "resolution": 76.43702828507324,
        "scale": 288895.277144
      },
      {
        "level": 12,
        "resolution": 38.21851414253662,
        "scale": 144447.638572
      },
      {
        "level": 13,
        "resolution": 19.10925707126831,
        "scale": 72223.819286
      },
      {
        "level": 14,
        "resolution": 9.554628535634155,
        "scale": 36111.909643
      },
      {
        "level": 15,
        "resolution": 4.77731426794937,
        "scale": 18055.954822
      },
      {
        "level": 16,
        "resolution": 2.388657133974685,
        "scale": 9027.977411
      }
    ]
  },
  "cacheType": "Elevation",
  "allowRasterFunction": false,
  "rasterFunctionInfos": [
    {
      "name": "None",
      "description": "",
      "help": ""
    }
  ],
  "rasterTypeInfos": [
    {
      "name": "Raster Dataset",
      "description": "Supports all ArcGIS Raster Datasets",
      "help": ""
    }
  ],
  "mensurationCapabilities": "Basic",
  "hasHistograms": false,
  "hasColormap": false,
  "hasRasterAttributeTable": false,
  "minScale": 0,
  "maxScale": 0,
  "exportTilesAllowed": false,
  "hasMultidimensions": false,
  "supportsStatistics": true,
  "supportsAdvancedQueries": true,
  "editFieldsInfo": null,
  "ownershipBasedAccessControlForRasters": null,
  "allowComputeTiePoints": false,
  "useStandardizedQueries": true,
  "advancedQueryCapabilities": {
    "useStandardizedQueries": true,
    "supportsStatistics": true,
    "supportsOrderBy": true,
    "supportsDistinct": true,
    "supportsPagination": true
  },
  "spatialReference": {
    "wkid": 102100,
    "latestWkid": 3857
  }
}
