{
  "asset": {
    "version": "1.0"
  },
  "properties": {
    "id": {
      "minimum": 0,
      "maximum": 9
    },
    "Longitude": {
      "minimum": -1.3196959060375169,
      "maximum": -1.3196607462778132
    },
    "Latitude": {
      "minimum": 0.6988590050687061,
      "maximum": 0.6988864387845588
    },
    "Height": {
      "minimum": 6.1022464875131845,
      "maximum": 13.410263679921627
    }
  },
  "geometricError": 70,
  "root": {
    "transform": [
      0.9686356343768792,
      0.24848542777253735,
      0,
      0,
      -0.15986460744966327,
      0.623177611820219,
      0.765567091384559,
      0,
      0.19023226619126932,
      -0.7415555652213445,
      0.6433560667227647,
      0,
      1215011.9317263428,
      -4736309.3434217675,
      4081602.0044800863,
      1
    ],
    "refine": "ADD",
    "boundingVolume": {
      "sphere": [
        0,
        0,
        10,
        141.4214
      ]
    },
    "geometricError": 0,
    "content": {
      "uri": "batchedWithTransformSphere.b3dm"
    }
  }
}
